{
  "project_info": {
    "project_number": "330137374598",
    "firebase_url": "https://project-5740036403710772763.firebaseio.com",
    "project_id": "project-5740036403710772763",
    "storage_bucket": "project-5740036403710772763.appspot.com"
  },
  "client": [
    {
      "client_info": {
        "mobilesdk_app_id": "1:330137374598:android:0ecd469dda284f97",
        "android_client_info": {
          "package_name": "com.ipayafrica.ipay"
        }
      },
      "oauth_client": [
        {
          "client_id": "330137374598-7ck7ah6v9gpciosk4h2q3vha5i3k8kek.apps.googleusercontent.com",
          "client_type": 1,
          "android_info": {
            "package_name": "com.ipayafrica.ipay",
            "certificate_hash": "AF0F9308C2850835967E4B4DC56EF7CCD778960D"
          }
        },
        {
          "client_id": "330137374598-s5ntvflf5tpet17j5d2dnuauet97qh36.apps.googleusercontent.com",
          "client_type": 3
        }
      ],
      "api_key": [
        {
          "current_key": "AIzaSyAk9KN55wMLctLbaAS5vGfKyXcz5lySMZk"
        }
      ],
      "services": {
        "analytics_service": {
          "status": 1
        },
        "appinvite_service": {
          "status": 1,
          "other_platform_oauth_client": []
        },
        "ads_service": {
          "status": 2
        }
      }
    }
  ],
  "configuration_version": "1"
}